distributor,number_of_movies,budget,total_revenue,best_seller
Walt Disney, 652," $74,716,769"," $101,663,718,226", Avengers: Endgame
Warner Bros.," 1,024"," $55,543,527"," $95,112,348,595", Harry Potter and the Deathly Hallows:…
Universal, 889," $46,788,071"," $75,240,714,142", Jurassic World
20th Century Fox, 721," $49,926,749"," $74,343,987,624", Avatar
Sony Pictures, 911," $44,861,968"," $72,671,239,662", Spider-Man: Far From Home
Paramount Pictures, 739," $50,619,414"," $66,147,945,162", Titanic
Lionsgate, 469," $27,653,058"," $20,035,833,383", The Hunger Games: Catching Fire
New Line, 238," $29,940,821"," $12,839,270,744", The Lord of the Rings: The Return of …
MGM, 478," $21,877,087"," $12,554,182,117", Die Another Day
Dreamworks SKG, 61," $48,012,727"," $8,622,846,081", Shrek 2
Miramax, 354," $17,498,951"," $8,424,287,283", Chicago
Well Go USA, 138," $25,050,000"," $6,761,266,397", Ne Zha Zhi Mo Tong Jiang Shi
Weinstein Co., 137," $22,068,824"," $5,975,649,262", Les Intouchables
Fox Searchlight, 175," $10,567,271"," $5,557,735,799", Slumdog Millionaire
Focus Features, 156," $19,906,250"," $5,439,471,807", London Has Fallen
China Lion Film Distribution, 85," $22,106,250"," $4,901,327,158", Wo Bi Shi Yao Shen
Sony Pictures Classics, 381," $9,121,336"," $4,023,448,433"," Crouching Tiger, Hidden Dragon"
Summit Entertainment, 31," $37,140,741"," $3,889,843,146", The Twilight Saga: Eclipse
United Artists, 189," $18,788,780"," $2,839,887,173", Rocky
Orion Pictures, 148," $12,413,636"," $2,645,546,468", Dances with Wolves
STX Entertainment, 36," $29,896,774"," $2,067,739,526", Valerian and the City of a Thousand P…
Sony/TriStar, 73," $37,888,889"," $1,747,596,710", Rambo: First Blood Part II
Miramax/Dimension, 22," $30,028,571"," $1,693,824,814", Scary Movie
Relativity, 36," $25,464,516"," $1,678,355,153", Immortals
CJ Entertainment, 54," $13,566,667"," $1,639,752,479", Myeong-ryang
Open Road, 45," $24,816,216"," $1,460,000,459", The Nut Job
Columbia, 84," $9,885,714"," $1,423,697,505", Close Encounters of the Third Kind
IFC Films, 493," $6,960,205"," $1,341,552,110", My Big Fat Greek Wedding
Eros Entertainment, 163," $5,122,727"," $1,249,773,801", Bajrangi Bhaijaan
Magnolia Pictures, 340," $7,253,571"," $1,214,757,068", Xi you xiang mo pian
UTV Communications, 96," $6,260,000"," $1,065,792,909", Dangal
Gramercy, 59," $9,778,125"," $1,009,838,224", Bean
FUNimation, 21," $6,125,000"," $962,872,602", Kimi no na wa
Newmarket Films, 20," $14,977,778"," $948,573,571", The Passion of the Christ
Paramount Vantage, 68," $13,225,129"," $920,738,235", Babel
Self Distributed, 371," $13,372,500"," $870,688,964", Liu Lang Di Qiu
Asia Releasing, 18, $0," $861,811,816", Jian Bing Man
Roadside Attractions, 131," $10,213,333"," $850,414,434", I Can Only Imagine
The H Collective, 1, $0," $830,794,171", Zhan Lang 2
CBS Films, 25," $16,500,000"," $816,397,997", The Woman in Black
A24, 94," $6,005,294"," $797,273,271", Hereditary
FilmDistrict, 13," $23,604,167"," $733,993,445", Olympus Has Fallen
IMAX Films, 17, $0," $701,388,755", Space Station
Yash Raj Films, 70," $7,522,000"," $671,966,528", Tiger Zinda Hai
Artisan, 49," $9,367,391"," $627,446,393", The Blair Witch Project
Weinstein/Dimension, 12," $30,700,000"," $611,564,708", Scary Movie 4
CMC Pictures, 5, $0," $605,115,894", Wo he wo de zu guo
Overture Films, 19," $25,230,769"," $576,456,398", Law Abiding Citizen
GKIDS, 50," $7,125,000"," $481,002,246", Tenki no Ko
USA Films, 22," $20,411,111"," $478,784,552", Traffic
Picturehouse, 31," $11,911,538"," $471,614,233", La M?me
Cannon, 74," $8,957,143"," $464,084,946", Cobra
RKO Radio Pictures, 58," $2,018,400"," $418,092,207", Bambi
Neon, 32," $7,943,422"," $405,584,441", Gisaengchung
Entertainment One, 81," $14,080,000"," $404,961,405", The Little Prince
FilmRise, 50," $28,450,000"," $387,472,054", Zhuo yao ji
Samuel Goldwyn Films, 177," $7,850,000"," $362,525,010", Fireproof
Fine Line, 80," $6,338,700"," $360,062,458", Dancer in the Dark
FIP, 32, $0," $337,101,609", Bang Bang
Bleecker Street, 39," $12,038,667"," $314,316,765", Logan Lucky
Warner Independent, 22," $12,025,000"," $310,222,257", La marche de l'empereur
AMC Independent, 10," $1,800,000"," $302,114,015", Ren zai jiong tu zhi tai jiong
Music Box Films, 100," $5,881,250"," $299,269,716", Potiche
Focus/Rogue Pictures, 10," $16,064,286"," $289,369,712", Huo Yuan Jia
Viva Entertainment, 49," $6,500,000"," $286,981,474", Boonie Bears: Entangled Worlds
Freestyle Releasing, 156," $11,649,839"," $284,674,431", Dragon Wars: D-War
Great India Films, 3," $30,000,000"," $283,888,977", Baahubali 2: The Conclusion
New World, 84," $1,520,000"," $280,029,744", Soul Man
Avco Embassy, 33," $5,025,000"," $279,693,666", Time Bandits
Filmways Pictures, 10," $10,800,000"," $268,776,034", The Amityville Horror
Alliance Films, 41," $8,642,857"," $264,571,009", M?n som hatar kvinnor
Variance Films, 54," $7,850,000"," $261,105,159", Tropa de Elite 2: O Inimigo Agora ? …
Mongrel Media, 102," $4,766,667"," $247,953,563", Ast?rix: Le domaine des dieux
MGM/UA Classics, 28," $10,500,000"," $244,862,540", Yentl
Polygram, 8," $36,800,000"," $242,161,411", The Game
Vestron, 13, $0," $233,474,299", Dirty Dancing
Entertainment Studios Motio…, 16," $28,171,429"," $219,154,002", 47 Meters Down
MacGillivray Freeman Films, 6, $0," $205,461,304", Everest
Shout! Factory, 33," $34,000,000"," $198,893,517", D? Y? H?i T?ng
Saban Films, 81," $20,950,000"," $193,001,771", Skiptrace
Pure Flix Entertainment, 14," $5,195,455"," $191,159,067", God’s Not Dead
Reliance Big Pictures, 24, $0," $188,512,969", Bodyguard
Goldwyn Entertainment, 49," $6,757,143"," $186,286,898", Much Ado About Nothing
Wrekin Hill Entertainment, 7," $37,566,667"," $184,981,021", Jin l?ng sh? san chai
American International Pict…, 31," $10,500,000"," $181,832,520", The Amityville Horror
Eleven Arts, 32," $12,000,000"," $176,390,676", Evangelion Shin Gekij?ban: Kyu
Zee Studios, 16, $0," $170,579,109", Secret Superstar
Embassy, 26," $1,305,000"," $170,519,373", The Graduate
Cohen Media Group, 70," $4,325,000"," $166,905,425", Dans la maison
Alchemy, 53," $16,205,556"," $158,487,430", Upside Down
Savoy, 16," $13,666,667"," $157,468,405", Shadowlands
Annapurna Pictures, 8," $27,033,333"," $157,025,041", Vice
Amazon Studios, 27," $21,214,286"," $155,448,464", Late Night
Broad Green Pictures, 23," $19,271,429"," $151,124,774", A Walk in the Woods
EuropaCorp, 6," $16,666,667"," $146,583,845", The Transporter Refueled
Strand, 246," $3,803,333"," $144,554,097", Auf der anderen Seite
Aviron Pictures, 6," $16,250,000"," $143,967,768", After
Kino Lorber, 192," $2,683,333"," $143,669,163", Di Qiu Zui Hou De Ye Wang
RADiUS-TWC, 27," $9,268,889"," $142,160,147", Snowpiercer
ThinkFilm, 91," $6,259,409"," $137,827,783", Before the Devil Knows You're Dead
Atlantic, 27," $3,000,000"," $133,760,005", Teen Wolf
National Geographic Enterta…, 18," $15,000,000"," $126,893,290", Sea Monsters: A Prehistoric Adventure
Allied Artists, 14, $0," $126,319,435", Papillon
nWave Pictures, 5, $0," $125,840,167", Encounter in the Third Dimension
Film Movement, 131," $520,000"," $125,393,878"," My Love, Don't Cross That River"
Fox International, 9," $13,000,000"," $124,038,150", Prem Ratan Dhan Payo
Anchor Bay Entertainment, 86," $5,715,909"," $122,736,597", Frozen
Distrib Films, 36," $7,500,000"," $122,449,733", El Nino
De Laurentiis Entertainment…, 16, $0," $121,651,895", Crimes of the Heart
Big Pictures, 12," $6,750,000"," $119,412,577", 3 Idiots
United Film Distribution Co., 8," $7,508,333"," $117,724,623", Dawn of the Dead
October Films, 45," $4,277,273"," $113,968,526", The Apostle
IDP Distribution, 13," $6,421,667"," $112,994,100", Tae Guik Gi: The Brotherhood of War
Sunn Classics Pictures, 4, $0," $112,500,000", In Search of Noah's Ark
20th Century Studios, 36," $125,000,000"," $109,068,692", The Call of the Wild
Associated Film Distributors, 9," $22,666,667"," $108,657,000", The Muppet Movie
Yari Film Group Releasing, 12," $14,750,000"," $103,898,877", The Illusionist
Indomina Releasing, 9," $3,450,000"," $93,827,239", Long men fei jia
Lionsgate Premiere, 30," $6,000,000"," $93,326,340", Ji Qi Zhi Xue
Vertical Entertainment, 156," $11,803,737"," $91,528,516", Snezhnaya koroleva 3. Ogon i led
Reliance Entertainment, 19, $0," $89,925,505", Toilet: Ek Prem Katha
AdLab Films, 12," $10,000,000"," $88,370,085", Ghajini
Kino International, 71," $5,024,778"," $87,565,894", La Pianiste
Pan Media & Entertainment, 2, $0," $85,917,999", Gwansang
Quartet Films, 2," $12,000,000"," $85,164,318", Das Boot
Fathom Events, 82," $10,000,000"," $84,124,617", Tonari no Totoro
Trimark, 37," $4,625,000"," $84,044,824", Eve's Bayou
Netflix, 71," $31,800,000"," $81,708,157"," Crouching Tiger, Hidden Dragon: Sword…"
Studio 18, 7, $0," $80,876,854", Singh is Kinng
Global Road, 4," $9,266,667"," $79,606,820", Show Dogs
Regent Releasing, 84," $1,500,000"," $78,303,234", Okuribito
The Orchard, 81," $1,975,000"," $75,470,909", Hunt for the Wilderpeople
3D Entertainment, 5," $5,500,000"," $75,089,447", Ocean Wonderland
Crown, 6," $5,500,000"," $74,726,250", My Tutor
American Cinema Releasing, 12, $0," $74,700,000", A Force of One
First Look, 51," $10,222,727"," $74,123,454", Bad Lieutenant: Port of Call New Orleans
Compass International, 2," $325,000"," $72,300,000", Halloween
Triumph Releasing, 14," $7,000,000"," $69,290,371", Sidekicks
Apparition, 6," $12,580,000"," $66,171,919", The Young Victoria
Rocky Mountain Pictures, 32," $5,650,000"," $66,064,574", 2016: Obama’s America
Clarius Entertainment, 6," $32,500,000"," $65,927,939", Legends of Oz: Dorothy’s Return
Pacific International, 3, $0," $65,619,175", The Adventures of the Wilderness Family
Zeitgeist, 105," $3,053,200"," $62,477,297", Sophie Scholl - Die letzten Tage
Oscilloscope Pictures, 113," $2,754,615"," $60,364,475", We Need to Talk About Kevin
Crimson Forest Entertainmen…, 3," $23,000,000"," $58,826,042", Ch?i d?n zhu?nji?
Magnet Pictures, 32," $2,487,500"," $58,716,888", Akmareul Boatda
Giant Screen Films, 8," $7,000,000"," $58,704,226", Adrenaline Rush: The Science of Risk
MPI Media Group, 15," $10,666,667"," $57,901,087", Les petits mouchoirs
Destination Films, 5," $12,400,000"," $57,429,589", Eye of the Beholder
IDP/Goldwyn/Roadside, 16," $2,730,714"," $57,256,571", Ladies in Lavender
Drafthouse Films, 37," $1,901,667"," $56,556,692", La French
IFC First Take, 24," $4,400,000"," $54,721,970", The Wind That Shakes the Barley
Wanda Media Group, 1, $0," $54,663,066", Kuai Ba Wo Ge Dai Zou
Swen Group, 3, $0," $53,824,372", Nada a Perder
Seville, 6, $0," $53,043,765", Monsieur Lazhar
JBG Pictures, 1, $0," $52,491,101", Leokki
High Top Releasing, 12," $2,541,667"," $52,410,793", The Green Inferno
Greenwich, 27, $0," $51,409,501", Free Solo
Good Deed Entertainment, 20," $3,750,000"," $50,391,594", Loving Vincent
Janus Films, 51," $5,933,333"," $50,380,895", La grande bellezza
Equinox, 2, $0," $50,181,056", Supercondriaque
New Yorker, 81," $5,175,000"," $50,089,207", To Be and To Have
Lorimar Motion Pictures, 8," $6,600,000"," $48,685,582", Action Jackson
Monterey Media, 72," $2,417,750"," $47,118,464", Home
Tartan Films, 20," $2,831,250"," $46,326,730", Chinjeolhan geumjassi
TriBeca Films, 71," $1,692,000"," $44,298,780", Les ?motifs anonymes
New Century Vista Film Company, 17," $4,700,000"," $43,629,160", The Gate
Jensen Farley Pictures, 6, $0," $42,279,927", Private Lessons
BH Tilt, 4," $9,979,000"," $42,178,414", Upgrade
B4U Movies, 12, $0," $41,432,937", Robot
Artists Releasing Corporation, 6, $0," $41,093,093", The Incubus
Focus / Gramercy, 1," $10,000,000"," $40,749,230", The Forest
Cinecom, 21," $3,000,000"," $40,392,557", A Room with a View
Dada Films, 19," $300,000"," $40,012,644", Jie jiu wu xian sheng
Atlas Distribution, 15," $6,000,000"," $37,517,425", Earth: One Amazing Day
Group 1, 3, $0," $36,771,620", The Sword and the Sorcerer
OTL Releasing, 3," $3,000,000"," $36,717,579", Unfriended: Dark Web
Capelight Pictures, 1, $0," $34,956,967", Namsaneui Bujangdeul
InterStar Releasing, 4," $6,000,000"," $34,809,802", Highlander II: The Quickening
Ledafilms, 1, $0," $34,299,855", Mia et le lion blanc
Radius, 12," $12,137,500"," $33,696,509", Solomon Kane
Analysis, 5," $350,000"," $33,422,549", Caligula
First Run Features, 227," $1,321,429"," $32,953,170", Plastic Planet
RS Entertainment, 3," $35,000,000"," $32,906,698", Luther
Abramorama Films, 114," $2,250,000"," $32,197,142", The Beatles: Eight Days a Week
Dimension Pictures, 7," $500,000"," $31,907,498", Kingdom of the Spiders
Empire Pictures, 26," $4,000,000"," $31,843,906", Yves St. Laurent
Trafalgar Releasing, 21, $0," $31,781,618", Bring the Soul: The Movie
Cinema Service, 1," $8,500,000"," $30,298,347", Silmido
Walter Reade Organization, 1," $114,000"," $30,087,064", Night of the Living Dead
Bluesky Cinemas, 7," $40,000,000"," $29,882,688", Baahubali: The Beginning
NeoClassics Films, 1," $11,400,000"," $29,830,239", St. Trinian’s
SK Films, 2, $0," $29,634,725", Bugs! (IMAX)
Cheng Cheng Films, 3, $0," $29,357,660", SoulMate
Orion Classics, 32," $574,333"," $29,101,718", Europa Europa
Miramax/Roadside Attractions, 1, $0," $28,978,721", Mr. Holmes
levelFILM, 10, $0," $28,833,078", Sou Suo
Shemaroo Entertainment, 6, $0," $28,224,707", Apne
IFC Midnight, 95," $2,762,500"," $27,960,423", The Babadook
Vitagraph Films, 30," $7,400,000"," $27,913,232", Der Baader Meinhof Komplex
Shudder, 3, $0," $26,796,131", Kamera o tomeru na!
National General Pictures, 17, $0," $26,625,778", The Life and Times of Judge Roy Bean
Screen Media Films, 100," $12,494,714"," $26,445,183", John Carpenter’s Ghosts of Mars
Paladin, 63," $5,275,000"," $26,286,215", What a Man
Rialto Pictures, 51, $0," $26,045,160", Z
Pathe Contemporary Films, 4," $11,000,000"," $25,419,761", Le pr?nom
Island, 4," $1,037,500"," $24,998,164", The Trip to Bountiful
WellSpring, 29," $6,280,000"," $24,693,314", De battre mon coeur s'est arr?t?
101 Studios, 4," $30,000,000"," $24,194,320", La belle ?poque
Island/Alive, 8," $1,550,000"," $23,972,128", Kiss of the Spider Woman
IFI Scope, 2," $250,000"," $23,894,000", Graduation Day
Hemdale, 13," $4,500,000"," $23,461,415", Criminal Law
Cinema Guild, 79," $690,000"," $23,178,717", Witchboard
Momentum Pictures, 45," $13,333,333"," $22,535,819", Oddball
ARC Entertainment, 36," $12,700,000"," $22,274,602", For Greater Glory: The True Story of …
Joe Camp Productions, 1, $0," $22,257,624", For the Love of Benji
ShortsHD, 7, $0," $20,771,910", 2019 Oscar Shorts
Live Entertainment, 4," $68,000"," $20,587,084", Wes Craven's Wishmaster
Levitt-Pickman, 4, $0," $20,447,000", The Groove Tube
Shining Excalibur, 1," $1,500,000"," $20,412,216", Kids
Cleopatra Films, 18," $8,000,000"," $20,143,974", A Street Cat Named Bob
Vivendi Entertainment, 7," $11,500,000"," $20,104,616"," New York, I Love You"
WGBH Giant-Screen Films, 1, $0," $19,667,161", Shackleton's Antarctic Adventure
LD Entertainment, 5," $1,000,000"," $19,419,400", The Miracle Season
Producers Distribution Agency, 4," $650,000"," $19,406,249", The Way
Quality Flix, 2," $5,000,000"," $18,985,812", Hillary’s America: The Secret Histo…
Star Synergy Entertainment, 1, $0," $18,520,527", Lipstick Under My Burka
Icarus Films, 29, $0," $18,471,859", Kang rinpoche
Rainbow Releasing, 15, $0," $18,433,359", Shootout at Lokhandwala
Adopt Films, 17, $0," $18,290,793", Victoria
NCM Fathom, 87," $19,000,000"," $18,142,469", Phantom of the Opera at the Royal Alb…
Odeon Films, 5, $0," $18,138,568", La Grande Seduction
Gravitas Ventures, 217," $1,825,000"," $17,992,796", 7 Guardians of the Tomb
Crown International, 3, $0," $17,963,860", The Pom Pom Girls
Excel Entertainment, 19," $2,921,667"," $17,958,241", The Other Side of Heaven
Under the Milky Way, 6, $0," $17,929,783", Demain
Red Chillies Entertainment, 2, $0," $17,359,388", Jab Harry Met Sejal
Sundance Selects, 18," $9,000,000"," $17,069,174", Dheepan
Cinedigm, 66, $0," $17,048,367", Life
PMK*BNC, 4," $930,000"," $16,754,919", Mai wei
Image Entertainment, 31," $4,430,000"," $16,261,604", The Tall Man
Film Arcade, 21," $1,750,000"," $15,931,249"," Love, Rosie"
Elevation Pictures, 3," $20,000,000"," $15,824,374", Regression
Warren Miller Entertainment, 6, $0," $13,987,614", Fifty
Discovery/IMAX, 2, $0," $13,806,525", Africa's Elephant Kingdom
Providence Entertainment, 3," $7,200,000"," $13,773,632", The Omega Code
Purdie Distribution, 13," $2,000,000"," $13,564,556", Meet the Mormons
LD Distribution, 2," $10,000,000"," $13,549,204", The Collection
Blue Fox Entertainment, 32," $1,660,000"," $13,301,791", Here Comes the Grump
Northern Arts Entertainment, 25, $0," $13,290,600", Don't Move
Lorber Films, 24, $0," $13,189,525", Katyn
Galaxy International Releasing, 3," $6,000,000"," $13,114,519", Halloween 5: The Revenge of Michael M…
RLJ Entertainment, 47," $4,225,000"," $12,634,505", Pay the Ghost
Distributor Unknown, 13," $2,000,000"," $12,379,349", Les Boys
Stratosphere Entertainment, 10," $1,000,000"," $12,077,707", Hideous Kinky
M Power Releasing, 1," $10,000,000"," $11,924,041", End of the Spear
Menemsha Entertainment, 26," $500,000"," $11,819,570", Lasciati Andare
Lionsgate/Roadside Attractions, 3," $1,125,000"," $11,466,415", The Skeleton Twins
Skouras, 7, $0," $11,186,736", Mitt liv som hund
Palm Pictures, 38," $2,565,000"," $10,948,389", Ten Canoes
Captured Light, 1," $4,000,000"," $10,941,801", What the #$'! Do We Know
Indican Pictures, 164," $1,194,706"," $10,788,760", The Wonder of it All
Codeblack Entertainment, 7," $750,000"," $10,777,969", Kevin Hart: Laugh at My Pain
Slowhand Cinema, 22," $7,550,000"," $10,675,781", The Perfect Game
Avenue Pictures Productions…, 4, $0," $10,674,162", The Object of Beauty
truTV, 1, $0," $10,466,091", Impractical Jokers: The Movie
Televisa Cine, 2, $0," $10,196,556", A Day Without a Mexican
Five & Two Pictures, 10," $941,667"," $10,169,460", October Baby
Phase 4 Films, 47," $3,259,167"," $10,099,579", Horrid Henry: The Movie
Third Rail, 4," $20,666,667"," $9,872,101", Flash Point
Big Air Studios, 2, $0," $9,716,671", The Hole 3D
Roxie Releasing, 11," $2,666,667"," $9,262,549", Genghis Blues
Uncork'd Entertainment, 35, $0," $9,140,998", Lo Chiamavano Jeeg Robot
Searchlight Pictures, 4, $0," $9,021,712", Downhill
Gunpowder & Sky, 19," $2,000,000"," $9,014,061", Leto
Shadow, 33, $0," $8,761,386", The Wild Parrots of Telegraph Hill
XLrator Media, 49," $2,690,000"," $8,718,136", Michiel de Ruyter
Unison/Paladin, 1, $0," $8,481,356", What We Do in the Shadows
Millimeter Films, 6, $0," $8,405,504", Hardware
Independent Artists, 3," $4,000,000"," $8,347,530", Fathers and Daughters
Smith Global Media, 5," $3,500,000"," $8,345,196", Charming
Vision Films, 12, $0," $8,218,607", The Healer
Film Ventures International, 4, $0," $8,203,779", The Fifth Floor
Cinema Libre, 46," $1,030,000"," $8,155,147", En guerre
Megabox Plus M, 1, $0," $8,004,283", DONGJU; The Portrait of A Poet
Shooting Gallery, 5, $0," $7,988,037", Croupier
United Entertainment Partners, 1, $0," $7,900,000", The Final Master
8X Entertainment, 2," $22,000,000"," $7,791,554", Megiddo: Omega Code 2
Primesco, 2, $0," $7,739,694", Wolves
Bud Yorkin Co., 1, $0," $7,681,246", Twice in a Lifetime
Arenas Entertainment, 3, $0," $7,426,607", Nicotina
Briarcliffe Entertainment, 3," $6,500,000"," $7,353,976", Fahrenheit 11/9
Electric Entertainment, 4," $20,000,000"," $7,296,150", Bad Samaritan
Seven Arts Pictures, 6, $0," $7,182,726", Rambling Rose
Phaedra Cinema, 20," $25,000"," $7,131,210", Fever Pitch
The Bigger Picture, 19," $11,800,000"," $7,057,125", Genghis Khan: To the Ends of the Eart…
Rocket Releasing, 2, $0," $7,039,424", Tomboy
Libra Films, 4," $100,000"," $7,037,601", Eraserhead
BB Entertainment, 1, $0," $6,982,159", Innocent Voices
Chicago Releasing, 1, $0," $6,881,021", Redline
Shorts International, 5, $0," $6,859,713", 2013 Oscar Shorts
Live Film & Mediaworks, 1, $0," $6,762,661", Caught Up
Arcangelo Entertainment, 3, $0," $6,733,976", Kenny
Cowboy Pictures, 15," $2,500,000"," $6,483,712", The Endurance: Shackleton's Legendary…
Stage 6 Films, 1, $0," $6,479,980", Final Fantasy XV: Kingsglaive
Koch Lorber Films, 17, $0," $6,145,616", Changing Times
International Film Circuit, 41," $683,333"," $6,142,073"," Yoo-Hoo, Mrs. Goldberg"
Film Foundry, 2," $13,000,000"," $6,132,806", The Ultimate Gift
PackYourBag Films, 5, $0," $6,104,674", Uri: The Surgical Strike
Omin/Freestyle, 1," $20,000,000"," $6,093,725", Dylan Dog: Dead of Night
Lot 47 Films, 5," $700,000"," $6,071,496", The Fast Runner
Rosebud Releasing, 1," $3,500,000"," $5,926,177", Evil Dead II
RLJ Entertainment/Image Ent…, 9," $18,500,000"," $5,773,820", The Cobbler
Good Machine Releasing, 1," $3,000,000"," $5,746,453", Happiness
Tachyon, 3, $0," $5,743,085", Patiala House
Pentagon Releasing Inc., 1, $0," $5,664,557", The Concrete Jungle
Gathr Films, 14," $562,500"," $5,610,680", Embrace
Tribe Releasing, 1, $0," $5,607,900", ¿C?mo Cortar a Tu Patan?
Chiller Films, 4, $0," $5,356,447", The Boy
Corsair, 2, $0," $5,269,711", A Shock to the System
Cinegalaxy, 5, $0," $5,123,359", Kabali
Focus World, 8," $10,000,000"," $5,100,344", Raw
HBO Documentary Films, 13, $0," $4,856,332", Diego Maradona
GVN Releasing, 10," $8,000,000"," $4,789,655", Gosnell: The Trial of America’s Big…
Christal Films, 4, $0," $4,650,627", Nez Rouge
Cineplex/Odeon, 4, $0," $4,514,789", The Care Bears Adventure in Wonderland
Ketchup Entertainment, 9," $9,075,000"," $4,421,738", The Love Punch
Visio Entertainment, 2, $0," $4,367,448", Seven Days In Utopia
KimStim, 16, $0," $4,322,585", Jia Nian Hua
Jour de Fete, 4, $0," $4,300,390", Mrs. Palfrey at the Claremont
Cloud Ten Pictures, 1," $18,500,000"," $4,221,341", Left Behind
PBS Distribution, 10, $0," $4,040,519", The Chaperone
ArtAffects, 8, $0," $4,039,628", The Other Side of Heaven 2: Fire of F…
Fun Academy Motion Pictures, 1," $25,000,000"," $3,823,620", Sgt. Stubby: An American Hero
Benji Returns, 1, $0," $3,817,362", Benji: Off the Leash!
The 7th Floor, 3, $0," $3,752,049", Room
Romar, 3," $13,000,000"," $3,715,333", BloodRayne
Manhattan Pictures Internat…, 1, $0," $3,707,201", The Secret Lives of Dentists
Legacy Releasing, 16, $0," $3,690,782", Shiloh
TLA Releasing, 27," $1,425,000"," $3,670,315", Latter Days
Breaking Glass Pictures, 57," $6,840,000"," $3,667,507", Mi gran noche
Penland, 2, $0," $3,635,801", China Cry: A True Story
ATO Pictures, 4, $0," $3,590,634", The Oranges
Hannover House, 26," $4,750,000"," $3,513,069", Turtle: The Incredible Journey
Sanrio Communications, 1, $0," $3,500,000", The Glacier Fox
Outrider Pictures, 10," $600,000"," $3,438,552", American Adobo
Novus Content, 1, $0," $3,424,454", Til Death Do Us Part
Stony Island Entertainment, 1, $0," $3,377,778", Is Anybody There?
Trans World Entertainment, 7, $0," $3,359,127", Kansas
Borotoro, 1," $11,000,000"," $3,231,251", Romance and Cigarettes
Halestorm Entertainment, 6," $500,000"," $3,146,608", The Singles Ward
City Lights Pictures, 10, $0," $3,137,661", O Ano em Que Meus Pais Sa?ram de F?…
Wingate Distribution, 1," $2,900,000"," $3,127,472", Boynton Beach Club
Rat Entertainment, 1, $0," $3,075,052", Paid in Full
Artistic License, 26," $2,000,000"," $3,052,295", Wandafuru raifu
WinStar Cinema, 4," $5,955,000"," $3,051,759", The Source
Mitropoulos Films, 8, $0," $3,046,984", Elsa & Fred
Concorde, 4, $0," $3,036,636", Brain Dead
Aloha Releasing, 5, $0," $3,033,137", G
Raja Cinema, 1, $0," $2,997,278", Mission Istaanbul
Aron Govil Productions, 1, $0," $2,992,880", Shoot on Sight
Railroad Square, 2, $0," $2,968,790", Vers le sud
Cinelou Releasing, 2," $8,000,000"," $2,941,179", Cake
Studio Three Film Corporation, 2, $0," $2,931,421", Popcorn
Truly Indie, 26," $178,500"," $2,922,555", Valentino: The Last Emperor
Taurus, 7," $9,000,000"," $2,894,868", Class of 1999
Zipporah, 8, $0," $2,883,102", National Gallery
Paragon Pictures, 4, $0," $2,847,907", Night of the Demons
Hammond Entertainment, 5," $9,000,000"," $2,843,790", Greater
Cardinal Film Releasing, 1, $0," $2,732,684", Hot Moves
Amazon Studios/Roadside Att…, 1, $0," $2,719,698", Chi-raq
FM Entertainment International, 2, $0," $2,699,154", The Kindred
KKM Enterprises, 1, $0," $2,645,991", El gran milagro
Luke Films, 1, $0," $2,627,016", Therese
Peace Arch Releasing, 7, $0," $2,562,197", JCVD
Innovation Film Group, 9, $0," $2,549,524", The Legend of Johnny Lingo
Matson, 8," $2,000,000"," $2,545,432", It's All Gone Pete Tong
Grasshopper Film, 37, $0," $2,545,388", Lu bian ye can
Arrow Releasing, 9, $0," $2,541,414", Ponette
European International, 2, $0," $2,522,881", Le retour de Martin Guerre
"Cinema Tropical, FIGA Films", 2, $0," $2,518,193", Pelo malo
IDP/Samuel Goldwyn Films, 3, $0," $2,516,228", That Sugar Film
Video Sound, 4," $1,000,000"," $2,502,199", Fiza
Myriad Entertainment Group, 4, $0," $2,456,852", La Danseuse
Exclusive Releasing, 2," $10,000,000"," $2,453,387", Parkland
Avatar, 10," $100,000"," $2,366,649", Kandahar
Power Point Films, 1," $50,000"," $2,335,352", Gabriela
Cinestaan, 2, $0," $2,328,380", Bhoot: Part One — The Haunted Ship
BET Pictures, 1, $0," $2,291,255", Once Upon a Time... When We Were Colored
Purple Rose Films, 1, $0," $2,276,406", Escanaba in Da Moonlight
Lionsgate/After Dark, 2, $0," $2,274,489", The Abandoned
Area 23a, 13, $0," $2,272,105", Fantastic Fungi
Sycamore Entertainment Grou…, 1, $0," $2,226,888", The Eye of the Storm
Shapiro, 2, $0," $2,218,579", Def by Temptation
ABS-CBN, 14, $0," $2,152,068", The Hows of Us
RAM Releasing, 2, $0," $2,125,101", App
Counterpoint Films & Self-R…, 1, $0," $2,083,186", Awake: The Life of Yogananda
Lightyear Entertainment, 7, $0," $2,068,452", Maze
Ammo Content, 11, $0," $2,067,308", Leo da Vinci: Missione Monna Lisa
Applied Art Productions, 2, $0," $2,042,836", Delhi Safari
Maya Releasing, 12," $2,500,000"," $2,031,071", Talento de Barrio
Emerging Pictures, 32, $0," $2,025,921", Honeydripper
Vineyard Distribution, 1," $6,500,000"," $2,025,032", The Work and the Glory: American Zion
Kit Parker Films, 2, $0," $2,022,827", Nueba Yol
Doppelganger Releasing, 8," $2,600,000"," $2,017,934", Arme Riddere
Barking Cow Distribution, 1," $15,000,000"," $2,013,340", San suk si gin
Echolight Studios, 2," $7,000,000"," $2,004,423", The Christmas Candle
Smodshow Productions, 1," $4,000,000"," $1,983,596", Red State
Cinepix Film Properties, 9, $0," $1,957,978", Il Mostro
Amplify, 10, $0," $1,914,854", The Zero Theorem
Epic Pictures Group, 27," $60,000"," $1,895,276", The Lodgers
Quaker Media, 1," $7,000,000"," $1,891,936", The Mighty Macs
Society Films, 1, $0," $1,888,453", Maria Sklodowska Curie
Branded Entertainment, 1, $0," $1,832,541", Crooked Arrows
Riverrain, 4, $0," $1,831,421", Slamma Jamma
Palisades, 6, $0," $1,823,223", Deadtime Stories
Really Big Film Corp., 1, $0," $1,808,679", N'sync: Bigger than Live
TVA Films, 2, $0," $1,783,275"," D?d?, ? travers les brumes"
Bleecker Street & Amazon St…, 1, $0," $1,766,703", Elvis & Nixon
Wolfe Releasing, 18," $400,000"," $1,753,866", Parched
"Libero, LLC", 1, $0," $1,706,325", Sweet Land
First Independent Pictures, 12," $10,000,000"," $1,693,891", Holy Rollers
Acorn TV, 1, $0," $1,681,278", Miss Fisher & The Crypt Of Tears
Regatta, 1, $0," $1,660,230", Destination Wedding
Halestone, 3," $500,000"," $1,656,076", The R.M.
Holedigger Studios, 2, $0," $1,652,665", Off the Map
MUBI, 7, $0," $1,649,138", Ryuichi Sakamoto: Coda
Castle Hill Productions, 26," $1,000,000"," $1,592,437", Left Luggage
Ficus, 1, $0," $1,582,476", Seethamma Vakitlo Sirimalle Chettu
"One Media, LLC", 1, $0," $1,557,494", Persecuted
Monument Releasing, 13, $0," $1,526,113", Charlie’s Country
Gener8xion Entertainment, 3, $0," $1,513,947", The Cross: The Arthur Blessitt Story
Submarine Deluxe, 15," $2,000,000"," $1,496,636", Peggy Guggenheim: Art Addict
Nocturnal Features, 16, $0," $1,491,299", The Afflicted
Independent Indian, 4, $0," $1,469,794", Rustom
Pinnacle Peak, 1, $0," $1,462,977", Little Women
Rooster Teeth, 1, $0," $1,405,548", Lazer Team
Hola Mexico, 1, $0," $1,380,353", Me Estas Matando Susana
Moviestore Entertainment, 1," $1,100,000"," $1,355,728", The Offspring
Hyde Park Films, 1," $8,300,000"," $1,353,296", The City of Your Final Destination
Fabrication Films, 3," $475,000"," $1,322,563", Conversations with Other Women
Prime Media Pictures, 1, $0," $1,322,050", Mercury
Argot Pictures, 27, $0," $1,310,915", El Silencio de Otros
Ram Entertainment, 1, $0," $1,276,994", The Celestine Prophecy
Future Educational Films, 1, $0," $1,250,962", Walking the Camino: Six Ways to Santiago
Keystone Entertainment, 1, $0," $1,248,746", MVP: Most Valuable Primate
CanZion Films, 4, $0," $1,248,508", Poema de Salvaci?n
Pure Flix / Samuel Goldwyn …, 2, $0," $1,231,211", Faith of Our Fathers
Cho Taussig Prods., 1, $0," $1,210,967", I'm the One That I Want
RCR Media Group, 1," $18,000,000"," $1,199,510", Phantom
Selznick Releasing Organiza…, 2, $0," $1,196,979", The Third Man
Rainforest Productions, 1," $200,000"," $1,161,843", Trois
Balcony Releasing, 19, $0," $1,160,960", Enlighten Up!
Aura Entertainment, 1, $0," $1,146,474", December Boys
Limelight International, 1, $0," $1,113,538", Possession
Superlative Films, 1," $700,000"," $1,110,511", Columbus
"Callbox, LLC", 1," $225,000"," $1,109,276", Burn
Panorama Entertainment, 6, $0," $1,103,794"," The Bread, My Sweet"
DreamWorks/Go Fish, 2, $0," $1,081,181", Ghost in the Shell 2: Innocence
Access Motion Picture Group, 1," $2,000,000"," $1,075,504", Dinner Rush
Ten Furlongs, 1," $10,000,000"," $1,069,454", 50 to 1
Cinema Slate, 4, $0," $1,067,245", La Patota
Black Diamond Pictures, 1," $10,100,000"," $1,066,555", September Dawn
Kenn Viselman Presents, 1," $20,000,000"," $1,065,907", The Oogieloves in the BIG Balloon Adv…
Tips Exports, 1, $0," $1,061,545", Yaadein
Main Street, 10, $0," $1,054,664", Great Expectations
New Films Cinema, 6," $3,000,000"," $1,053,053", Chain Letter
Media Partners, 1, $0," $1,041,228", Kaante
Seventh Art Releasing, 32, $0," $1,034,604", American Pimp
Alive Mind, 12, $0," $1,034,475", El Bulli: Cooking in Progress
Aspiration Media, 2, $0," $985,592", Noble
Brainstorm Media, 19, $0," $982,763", Dark Horse
Docurama, 4, $0," $977,907", Generation Iron
The Ciesla Foundation, 2, $0," $953,449", The Spy Behind Home Plate
Lantern Lane Entertainment, 5, $0," $948,537", Outsourced
Gaatri Media, 1, $0," $934,922", Gentleman
Elephant Eye Films, 5, $0," $912,980", La Nana
ContentFilm, 2," $5,000,000"," $894,030", Party Monster
Hombre de Oro, 1," $3,500,000"," $886,410", La otra conquista
1091 Media, 11, $0," $875,184", Meeting Gorbachev
After Dark, 12," $2,000,000"," $873,762", Echelon Conspiracy
Candlelight Media, 1, $0," $872,427", Emma Smith: My Story
518 Media, 2, $0," $856,457", Inland Empire
White Hill Production, 2, $0," $847,156", Punjab 1984
CFI, 3, $0," $845,100", Miekkailija
Starz Media, 10," $800,000"," $841,087", The Family Fang
Set Pictures, 1, $0," $835,767", Lagaan
Big World Pictures, 16, $0," $830,359", Conte d’?t?
Arts Alliance America, 5, $0," $814,084", Pearl Jam Twenty
Page 124 Productions, 1, $0," $809,590", Bill W.
Cartilage Films, 3, $0," $808,810", Madame Hyde
Arthouse Films, 10, $0," $807,850", Jean-Michel Basquiat: The Radiant Child
Veracity Moving Pictures, 1, $0," $781,133", Unconditional
Leisure Time Features, 8, $0," $767,876", Faust
Senart/Scranton-Lacy, 2, $0," $742,583", Bonneville
CAVU Releasing, 11, $0," $732,946", The Holy Land
Archstone Entertainment, 14, $0," $728,205", The Black Prince
ESX Entertainment, 3," $2,000,000"," $725,042", Bennett’s War
Crane Movie Company, 1, $0," $719,556", Forever Strong
Cinetel, 4," $3,800,000"," $705,313", Out of the Dark
Grand Showbiz Media, 4, $0," $701,247", Sarvann
Unico Entertainment, 5, $0," $694,650", Imelda
Palm/Manga, 4, $0," $693,126", Dig
Outsider, 12, $0," $692,123", El ?ltimo Traje
P&A Releasing, 1, $0," $692,000", National Lampoon's Gold Diggers
Bond/360, 12, $0," $690,356", Alive Inside
BBC Worldwide North America, 5," $600,000"," $680,934", London Road
Starz Digital Media, 6, $0," $671,530", Boulevard
Cyan, 4," $5,000,000"," $654,712", The Oh in Ohio
Imaginasian, 3," $1,300,000"," $635,554", Journey from the Fall
Cinema Purgatorio, 8," $450,000"," $632,466", Bj?rk: Biophilia Live
ITN, 7, $0," $606,238", Showdown in Manila
Long Shot Factory, 7, $0," $597,522", Somewhere Between
Caledonia Pictures, 1, $0," $595,000", Where the Rivers Flow North
Eammon Films, 6, $0," $588,431", Una
erbp Film, 1, $0," $584,881", Upstream Color
Tugg, 7, $0," $575,258", Range 15
Picture This Entertainment, 13, $0," $567,670", Garcon Stupide
Gold Circle Films, 2," $4,000,000"," $564,997", Poolhall Junkies
Filmopolis Pictures, 1, $0," $555,900", Ma saison pr?f?lr?e
Logo Features, 1, $0," $532,878", Noah's Arc: Jumping the Broom
American Zoetrope, 1, $0," $518,522", Tetro
AMBI, 9, $0," $513,086", This Beautiful Fantastic
Super LTD, 4, $0," $509,221", Sanpo Suru Shinryakusha
Five Sisters Productions, 1, $0," $505,675", Manna From Heaven
The Film Desk, 15, $0," $502,335"," Je t'aime, je t'aime"
Abkco Films, 3, $0," $489,637", Poesia Sin Fin
Vega Baby, 2, $0," $483,842", Ghoul
BritBox, 1, $0," $483,685", 63 Up
P12 Films, 1, $0," $481,924", The Great Alaskan Race
Autonomous Films, 1," $1,000,000"," $473,769", Wristcutters: A Love Story
American Experience/PBS Films, 1, $0," $466,114", Last Days in Vietnam
Parade Deck Films, 18, $0," $449,630", Hannah
First Independent/Dada Films, 3, $0," $446,558"," Broadway: The Golden Age, by the Lege…"
Hammer the Movie, 1," $850,000"," $442,638", The Hammer
Mela Films, 1," $200,000"," $439,651", Short Cut to Nirvana: Kumbh Mela
Cinedigm/Film Arcade, 1," $6,000,000"," $437,089", Song One
Films Around the World, 2, $0," $434,600", ? bout de souffle
Paladin/108 Media, 3, $0," $427,200", The We and the I
Net Effect, 2, $0," $424,536", Yuva
Corinth Films, 8, $0," $420,849", The Carer
Direct Cinema Ltd, 2, $0," $415,130", In Search of Mozart
Full Circle Releasing, 1, $0," $408,229", Transylmania
Westchester Films, 1, $0," $402,088", The Little Traitor
Collective Eye, 2, $0," $395,791", Queen of the Sun
Loki Films, 1, $0," $390,170", Detropia
K Street Pictures, 1, $0," $384,885", Alex & Eve
Peace Film LLC, 1," $1,500,000"," $372,239", MOOZ-lum
Typecast Releasing, 5, $0," $368,349", Iraq in Fragments
Walking Shadows, 4, $0," $367,569", Milarepa
Rising Star Entertainment, 6, $0," $365,947", Khido Khundi
Almi, 7, $0," $364,003", The Bostonians
Bauer Martinez, 4, $0," $358,670", Modigliani
The Animation Show/IPMA, 1, $0," $352,964", The Animation Show
Painted Zebra Releasing, 1," $200,000"," $346,106", Malevolence
"AwesomenessTV, Conjunction …", 1, $0," $344,500", Mindless Behavior: All Around The World
Altered Innocence, 4, $0," $341,266", Un couteau dans le coeur
GasLand Productions, 1, $0," $339,505", GasLand
Variance/40 Acres & a Mule …, 1, $0," $338,803", Red Hook Summer
The Bubble Factory, 1," $3,000,000"," $331,000", Creature
Magic Lamp, 6, $0," $329,154", American Chai
ABCKO Films, 1, $0," $323,391", La danza de la realidad
"Fame, Inc.", 1, $0," $316,527", The Aryan Couple
RiverRain / Ripple Effect, 1, $0," $316,117", David and Goliath
Senator Entertainment, 1," $18,000,000"," $315,000", The Informers
Persona Films, 1," $4,200,000"," $313,230", Cargo
Anywhere Road Entertainment, 4," $950,000"," $310,940", Ant?nia - O Filme
Proud Mother Pictures, 1, $0," $300,968", I Am Eleven
Slugger Films, 1, $0," $293,793", Mickey
JSC Entertainment, 1, $0," $292,824", Innocence
Somerset Films, 1, $0," $290,379", Passage to Zarahemla
Jerry Gross Organization, 2," $100,000"," $287,000", Penitentiary
Manifold Productions, 1, $0," $282,149", Created Equal: Clarence Thomas in His…
Film Sales Company, 3," $800,000"," $272,816", Cama adentro
Entertainment Squad, 1, $0," $271,478", The Dare
Silver Nitrate, 2, $0," $271,078", Dirty
Kino/Emerging, 1, $0," $268,431", Harvard Beats Yale 29-29
Films Seville, 2, $0," $264,552"," Mafia, Inc."
Asymmetrical, 1, $0," $261,865", Mimimalism: A Documentary About the I…
The Vladar Company, 5, $0," $261,477", Jeremy Scott: The People’s Designer
Anchor Bay/Freestyle, 4, $0," $261,263", I Spit on Your Grave 3
Salient Media, 3, $0," $253,257", Atrocious
Shakey Pictures, 1, $0," $251,862", Greendale
Lovett, 1, $0," $249,565", Gay Sex in the 70's
7-57 Releasing, 2, $0," $246,442", La Soga
PlayNow Enterprise, 1, $0," $240,214", Carter High
AIM Distribution, 4, $0," $237,925", Kaaki Sattai
Fader Films, 1," $250,000"," $237,816", On the Outs
AFFRM, 1," $200,000"," $236,806", Middle of Nowhere
DisruptiveLA, 1, $0," $234,990", James Cameron’s Deepsea Challenge 3D
Slater Brothers Entertainment, 1, $0," $234,830", My Uncle Rafael
The Film Collaborative, 12," $500,000"," $231,196", Contracorriente
Warrior Poets, 1, $0," $229,270", What Would Jesus Buy?
RBC Radio, 1," $1,000,000"," $227,241", Guiana 1838
Arrival Pictures, 1, $0," $225,863", The Keeper: The Legend of Omar Khayyam
Paulist Pictures, 1, $0," $225,161", Entertaining Angels: The Dorothy Day …
Cranked Up Films, 2, $0," $223,713", Extra Ordinary
ArtMattan Productions, 24, $0," $221,298", Kirikou and the Sorceress
YouTube, 2, $0," $217,542", Museo
Fair Trade Pictures, 1," $200,000"," $212,989", Call+Response
Moriah Films, 2, $0," $212,601", Winston Churchill: Walking with Destiny
Santa Rita Film Co, 1, $0," $204,881", The Iron Orchard
O’Malley Creadon Productions, 1, $0," $204,709", Hesburgh
Elysian Films, 1, $0," $203,305", Skin
Goodbye Cruel Releasing, 2," $30,000"," $186,207", Mutual Appreciation
Spelling Films, 1, $0," $185,170", Rumpelstiltskin
FilmBuff, 34," $1,750,000"," $181,452", Road Hard
DEJ Productions, 1," $1,100"," $181,041", My Date With Drew
Tulip Pictures, 1, $0," $179,596", Silencio
Noujaim Films, 1," $1,500,000"," $176,262", The Square
Lange, 2, $0," $175,000", Uncle Nino
Praneeth Media, 3, $0," $174,695", Iru Mugan
Blue Water Entertainment, 1," $2,500,000"," $174,255", Fuel
Variance Films/Everest Films, 1, $0," $173,828", Passport to Love
Reel Diva Consultants, 4, $0," $171,822", Cover
Synergetic, 3, $0," $170,325", Sameblod
Priority Films, 1," $3,000,000"," $163,069", Holly
California Newsreel, 4, $0," $161,726", Black Gold
Olive Films, 17," $13,000,000"," $156,580", Die Fremde
Ariztical Entertainment, 1, $0," $155,212", Eating Out
Continental Distributing, 4, $0," $152,134", Voyna i mir
ISA Releasing, 2, $0," $151,815", Tie-died: Rock 'n Roll's Most Deadica…
Small Planet, 2, $0," $151,138", Charlotte Sometimes
Motion Film Group, 1, $0," $148,994", Gun Hill Road
Synkronized, 3, $0," $147,941", Saving Flora
Cosmic Pictures/Arcane Pict…, 1, $0," $146,937", Superpower Dogs
Kindred Media Group, 3, $0," $146,860", Game 6
Rada Film Group, 1, $0," $146,702", American Promise
Interfilm, 1, $0," $144,961", Mr. Payback: An Interactive Movie
Balaji Telefilms, 2, $0," $144,414", Super Singh
SenArt Films, 1, $0," $143,178", Kids for Cash
Geneon Entertainment, 1, $0," $141,928", Appurush?do
First Run/Icarus, 20," $200,000"," $140,774", Excellent Cadavers
Meadowbrook, 1, $0," $138,267", Brooklyn Lobster
NME, 1, $0," $137,260", Beneath Us
Cinema V, 4," $300,000"," $134,961", Accident
Participant Media, 8, $0," $132,541", The Internet’s Own Boy: The Story o…
Cinema Tropical, 7, $0," $132,509", Alanis
Lightsource, 1, $0," $131,672", Proud American
Pak Films, 1, $0," $131,451", Robot Stories
Wildcat Releasing, 5, $0," $129,994", Tortilla Heaven
IRS Releasing, 4, $0," $129,777", Roosters
Paul Entertainment, 1, $0," $129,508", Never too Young to Die
CODEBLACK Films/Lionsgate, 1, $0," $129,102", Free Angela & All Political Prisoners
Mac Releasing, 1, $0," $129,042", No Good Deed
Academy Entertainment, 2, $0," $125,677", Paris is Burning
Embrem Entertainment, 4, $0," $125,648", A Four Letter Word
SnagFilms, 5, $0," $125,526", Beware of Mr. Baker
SPEAKproductions, 1, $0," $125,380", Were the World Mine
Syfy Films, 2, $0," $124,852", Proyecto Lazaro
Noruz Films, 1, $0," $123,731", Chop Shop
Gigantic Pictures, 4, $0," $123,301", Flannel Pajamas
Newroz Films, 1, $0," $120,750", David & Layla
Illuminare, 5," $300,000"," $118,517", First Morning
4th Row Films, 3, $0," $117,470", Bisbee ‘17
Shoreline Entertainment, 1, $0," $116,390", 7 cajas
Insurgent Media, 1, $0," $116,037", Blank City
Bev Pictures, 2, $0," $113,849", Living in Emergency
BerKela Films, 1, $0," $113,730", Bra Boys
GR Films, 1, $0," $112,313", Killing Kasztner
International Film Marketing, 2, $0," $110,995", Lune de miel
Non Fiction Films, 1, $0," $110,577", In the Face of Evil
Saboteur Media, 2, $0," $108,726", Korengal
Landmark Theaters, 2, $0," $108,071", Steve Jobs: The Lost Interview
Arclight Films, 2, $0," $107,588", Contracted
Four of a Kind Productions, 1, $0," $106,524", The Romantics
ARY Films, 1, $0," $105,401", Jawani Phir Nahi Ani
Life Sentence Films/m Tuckm…, 2, $0," $104,521", Crime after Crime
Laemmle/Zeller Film, 5, $0," $103,176", Down to the Bone
IndieVest Pictures, 1," $2,000,000"," $102,645", Saint John of Las Vegas
Motion Pictures Film and Te…, 1, $0," $102,541", Henry's Crime
Ignite Channel, 1, $0," $100,575", Twinsters
Great Point Media, 7, $0," $99,702", Where is Kyra?
Vaca Films, 1, $0," $98,046", Secuestrados
Green Griffin, 1, $0," $97,446", Welcome to 18
Newstyle Releasing, 2, $0," $96,314", Greetings from the Shore
Gabriel's Messenger Films, 1, $0," $93,690", The Investigator
"Darin Southam Endeavor, Inc.", 1, $0," $93,224", Reign of Judges: Title of Liberty
Truth Aid/Amplify, 1, $0," $91,841", Difret
Unstuck LLC, 1, $0," $91,302", Christmas Eve
Full Moon Features, 1, $0," $91,260", Evil Bong 3 The Wrath Of Bong!
Mangusta Productions, 3," $500,000"," $90,461", 2012: Time for Change
Dark Sky Films, 21, $0," $89,171", Possum
Spark Entertainment, 2, $0," $89,169", Blindsight
Monica Beach Media, 1, $0," $88,500", Forks Over Knives
Le Petit Canyon Productions, 1, $0," $88,327", Jewtopia
S2BN, 1, $0," $87,674", Sing Your Song
Citadel, 1, $0," $86,858", ECCO
Telepathic Studios, 1," $9,000,000"," $85,527", Leaves of Grass
Lopert Pictures Corporation, 6," $747,000"," $84,407", La mari?e ?tait en noir
Franklin Media, 1, $0," $82,126", Cristo si ? fermato a Eboli
Norador Productions, 1, $0," $81,883", My Mother Likes Women
Onyx Films, 1, $0," $79,627", Harvest of Empire
Liberty Street Films, 1, $0," $77,619", Money for Nothing: Inside the Federal…
Supergravity Pictures, 1, $0," $75,838", Gayby Baby
Maxmedia/Endgame, 1, $0," $73,653", Sky Blue
Watch Releasing, 1, $0," $73,595", Conspiracy of Silence
Reel Source, 2, $0," $73,321", Kalamazoo?
Avalanche Releasing, 5, $0," $73,309", The Body
IronFlix, 1, $0," $73,115", The Wedding Party 2: Destination Dubai
Vanish Films, 1, $0," $72,791", Do Not Resist
Shella Films, 1, $0," $72,518", Unrest
Thunderstruck Films, 1, $0," $72,451"," Lord, Save Us From Your Followers"
Round Hill Media, 1, $0," $71,609", Cliffs of Freedom
Pallisades Tartan, 3, $0," $69,608", Stellet licht
ADV Films, 1, $0," $69,386", The Princess Blade
Stone Five Studios, 1," $250,000"," $67,665", Happy Valley
Illumine Films, 1, $0," $66,783", 3100: Run and Become
MyCinema, 5, $0," $65,424", Zeroville
Attitude Films, 3," $2,650,000"," $65,158", Une affaire de go?t
Kria, 3, $0," $64,084", Apaharan
Sky Island, 4," $200,000"," $63,610", Side Effects
Pathfinder, 6, $0," $63,440", Gozu
Lurker Films, 1, $0," $62,900"," Love, Antosha"
Alliance Vivafilm, 1, $0," $61,337", Une vie qui commence
Pasidg Productions, 2, $0," $60,513", Hate Crime
Vanishing Angle Films, 1, $0," $60,438", Too Late
InterPositive Media, 1, $0," $60,332", Boogie Man: The Lee Atwater Story
Quiver, 5, $0," $59,731", Running with the Devil
Sidetrack Films, 1, $0," $56,386", Beautiful Losers
Barn Owl, 1, $0," $56,220", Saving Brinton
Eden Rock/Abramorama, 1," $1,400,000"," $56,073", Incident at Loch Ness
Fisher-Klingenstein Films, 2, $0," $55,722", OC87
Gorilla Factory, 1, $0," $55,398", That Man: Peter Berlin
Tyscot Manhaddon, 1, $0," $54,008", A Beautiful Soul
Tilapia Film, 1, $0," $53,471", Plagues and Pleasures on the Salton Sea
Kristin Marie Productions, 1, $0," $53,256", Farmageddon
In The Light Productions LLC, 1, $0," $53,134", Love Thy Nature
Present Pictures/Morning Kn…, 1," $200,000"," $52,443", Good Dick
Utopia, 1, $0," $51,891", American Dharma
Better World Distribution, 1, $0," $51,576", Blue Gap Boy'z
Trinity Film, 2, $0," $51,163", Plot for Peace
Audience Alliance, 1, $0," $50,076", Broken Hill
Dark Star Pictures, 15, $0," $49,700", La Higuera de los bastardos
Spacey, 1, $0," $49,591", NOW: In the Wings on a World Stage
Economic Projections, 1, $0," $49,048", Assisted Living
SeeThink, 2, $0," $48,969", Alice Neel
Spit and Glue, 1, $0," $48,873", Martin and Orloff
Richmond Media Entertainment, 2, $0," $48,725", 3 Weeks in Yerevan
Thread Cross Films, 1, $0," $47,243", Tibet: A Buddhist Trilogy
Wave Releasing, 1, $0," $47,071", Owl and the Sparrow
Faulkner-McLean Entertainment, 1, $0," $47,009", Alabama Moon
Lifesize Entertainment, 7," $120,000"," $45,847", American Cannibal
Lambert Releasing, 1, $0," $45,000", Greedy Lying Bastards
IFG, 2, $0," $44,938", Grand Champion
Rockstone Releasing, 2, $0," $44,931", Holla II
Waldo West Productions, 1, $0," $43,905", All Roads Lead Home
in8 Releasing, 2, $0," $43,500", 10E
North/South Pictures, 1," $600,000"," $42,557", Water & Power
B.D. Fox Independent, 1," $3,800,000"," $41,914", Down for Life
APD/Cinema Conservancy, 2, $0," $41,782", Stations of the Elevated
Five Points Media, 1, $0," $41,714", Commune
Skylight Pictures, 1, $0," $40,726", Granito: How to Nail a Dictator
Shotown Pictures, 1, $0," $40,508", CornerStore
Reliance/LoveStreaks, 1, $0," $40,289", Controlled Chaos
Jujitsu Films, 1, $0," $39,895", Justice
Bramacharia LLC, 1, $0," $39,457", Boy Meets Girl
Showtime Original, 2, $0," $39,347", Prophet’s Prey
Women Make Movies, 2," $300,000"," $39,277", Sisters in Law
New Love Films, 1, $0," $39,081", Yiddish Theater: A Love Story
Revolver Entertainment, 3," $1,000,000"," $38,933", Special
Phase 4 Films Sameul Goldwy…, 2, $0," $38,856", The Short Game
The World According to Shorts, 1, $0," $38,382", Nine Nation Animation
108 Pics, 1, $0," $38,261", When Harry Tries to Marry
Artiztical Entertainment, 1, $0," $37,072", Eating Out 2: Sloppy Seconds
Film Philos, 1, $0," $36,608", Man Push Cart
Every Tribe Entertainment, 1, $0," $36,412", Beyond the Gates of Splendor
International WOW, 1, $0," $36,386", How to Let Go of the World and Love A…
Eve Productions, 1, $0," $36,122"," Faster, Pussycat! Kill! Kill!"
Westport International, 1, $0," $36,089", Le Corbeau
Cavalier Films, 1, $0," $34,068", Familiar Strangers
Dark Forest Releasing, 1, $0," $32,833", Smile
Metropole Films Distribution, 1, $0," $32,457", Rom?o Onze
Stage 6 Samuel Goldwyn Films, 1, $0," $32,303", Cold Comes the Night
Testimony Pictures, 1," $160,000"," $32,092", The Calling
Morning Star Pictures, 1, $0," $31,858", In My Sleep
Unified Pictures, 2, $0," $31,806", Maximum Impact
"Documented Film, LLC", 1, $0," $30,662", Documented
Joule Films, 1, $0," $30,655", Hide Away
Steelyard Pictures, 1, $0," $30,444", The Power of Few
Resident Artist, 1, $0," $30,168", Paul Taylor Creative Domain
Mypheduh Film, 1, $0," $30,071", Teza
Cinipix, 1, $0," $29,863", Long Shot: The Kevin Laue Story
Lucid Inc, 1, $0," $29,736", Uncertain
Viz Pictures, 3, $0," $29,500", Kamikaze Girls
Moving Visions Entertainmen…, 1, $0," $28,951", A Long Way Off
IM Global/Blumhouse, 1," $2,000,000"," $28,864", Plush
Artigo Ajemian Films, 1, $0," $28,336", BoyBand
Fleetwood Films, 1, $0," $27,723", Senso
Trela, 1, $0," $27,052", Guest of Cindy Sherman
"Safari Media, LLC", 1, $0," $26,859", Abduction: The Megumi Yokota Story
Newmark/Echelon Ent., 1, $0," $26,642", A Fish Without a Bicycle
Rumur, 2, $0," $26,507", All the Rage (Saved by Sarno)
Driving With Our Eyes Shut, 4, $0," $26,456", Midget Zombie Takeover
Echo Bridge, 5, $0," $26,421", The Pirates Of Somalia
Rooftop Films, 4, $0," $25,938", Battle for Brooklyn
Variance Films/Syndicado, 1, $0," $25,866", Elena
25th Frame, 1, $0," $25,855", The Dog Wedding
New American Vision, 1, $0," $25,846", Eyes Wide Open
Burning Bridges, 1, $0," $25,484", The Ballad of Shirley Collins
Hiltz Squared, 1, $0," $25,450", The Worst Movie EVER!
Cinebella Entertainment, 1, $0," $25,049", Agni Varsha
Area23a/FilmBuff, 1, $0," $24,387", Red Obsession
Metrograph Pictures, 3, $0," $23,860", Heung Gong jai jo
Riot Studios, 1, $0," $23,689", Believe Me
The Movie Partners, 1," $600,000"," $23,616", Arnolds Park
Idle Wild Films, 1, $0," $23,126", The Judge
Picture Park, 1, $0," $23,095", On Broadway
Honora Productions, 2," $1,000,000"," $23,047", Hits
Invincible Pictures, 2," $5,000,000"," $22,958", Yoga Hosers
Quixotic Media, 1, $0," $22,938", Islam: What the West Needs to Know
Troma Entertainment, 3," $1,375,000"," $22,623", Poultrygeist: Night of the Chicken Dead
Cabin Films, 1, $0," $22,539", The Other City
Unison Films, 1, $0," $22,251", The Elephant King
Dinsdale Releasing, 2, $0," $21,946", The Manson Family
MCR Releasing, 1, $0," $21,489", Expired
"Ghosts Media, Inc.", 1, $0," $20,709", The Ghosts in Our Machine
Film Forum, 4, $0," $20,488", Ezra
Plymptoons, 2, $0," $20,419", Cheatin'
America Saga Releasing, 1, $0," $20,300", The Genesis Code
Phars Films, 1, $0," $19,958", Kannum Kannum Kollaiyadithaal
Schwarzsmith & Taskovski, 1, $0," $19,662", Czech Dream
The Film Collective, 2, $0," $19,627", Torn
Sky Harbor Basement, 1, $0," $19,257", Orwell Rolls in His Grave
Comworld, 2, $0," $19,225"," Soggy Bottom, U.S.A."
House Lights Media, 1, $0," $19,186", Language of a Broken Heart
People Pictures, 1, $0," $19,137", The People I've Slept With
Mondo Paradiso Films, 1, $0," $19,016", Seoul Searching
Pocket Releasing, 1, $0," $18,445", Itty Bitty Titty Committee
El Tigre Productions, 1, $0," $18,399", 306 Hollywood
Joma Films, 1, $0," $18,356"," Phoenix, Oregon"
American World Pictures, 1, $0," $18,215", Hope & Redemption: The Lena Baker Story
WRA Productions LLC, 1, $0," $18,051", Holy Hell
Artists Public Domain/Cinem…, 1, $0," $17,992", Jamel Shabazz: Street Photographer
Phantom Films, 1, $0," $17,934", Tere Bin Laden Dead or Alive
Wolfe Twenty, 1, $0," $17,625", The New Twenty
Factory 25, 16, $0," $17,419", All This Panic
Check Entertainment Distrib…, 1, $0," $17,107", InSight
Xenon Pictures, 2, $0," $16,791", 7 d?as
SpectraFilm, 2, $0," $16,785", Smooth Talk
Arab Film Distribution, 8," $37,500"," $16,353"," Peace, Propaganda and the Promised Land"
Slamdance on the Road, 3, $0," $16,265", Faster
Producers Releasing Corpora…, 1, $0," $16,172", Detour
Off-Hollywood Distribution, 2," $1,051,500"," $16,137", The Work and the Story
Captured Films, 1, $0," $16,136", Look
Palo Alto Pictures, 1, $0," $15,679", People Say I'm Crazy
Vagrant Films, 4, $0," $15,547", Eternity: The Movie
600 West, 1, $0," $15,425", Quiet City
Tripod Media, 1, $0," $15,241", People’s Republic of Desire
"Time and Tide Productions, …", 1, $0," $15,000", Far Too Far
HP Releasing, 1, $0," $14,804", Shem
Cafe Pictures, 1," $12,000,000"," $14,616", 10 Days in a Madhouse
Atopia, 1, $0," $14,389", A Silent Love
Cockeyed Caravan, 1, $0," $14,305", A Tale of Two Pizzas
Secret Identity Productions, 1, $0," $14,057", 6 Month Rule
Margin Films, 3, $0," $13,937", Ethan Mao
Four Eyed Monsters, 1, $0," $13,523", Four Eyed Monsters
Pillen's Farm Pictures, 1, $0," $13,500", Sophomore
Anderson Digital, 2, $0," $13,385", War of the World's Goliath
Cinemation Industries, 2, $0," $13,139", Stavisky
7A Productions, 1, $0," $13,093", The Trouble With Bliss
FlyRock Media, 1, $0," $12,891", My Son
FilmDemic, 1, $0," $12,620", I'm Not Jesus Mommy
Lumpy Rock, 1, $0," $12,405", A Halfway House Christmas
Mile End Films, 1, $0," $12,306", Full Battle Rattle
Fork Films, 1, $0," $12,267", The Armor Of Light
"Touch the Wall, LLC", 1, $0," $12,156", Touch the Wall
Stand Up Films, 1, $0," $12,010", I'll Believe You
41 Inc., 1, $0," $12,000", Vice
High Cotton Films, 1, $0," $11,975", All Babes Want to Kill Me
Untold Creative, 1, $0," $11,902", The True Cost
Argentum Entertainment, 1, $0," $11,895", New Life
Aliquot Films, 1, $0," $11,799", Chelsea on the Rocks
The Little Film Company/Dad…, 1, $0," $11,711", White Wedding
MSK Productions, 1, $0," $11,581", American Streetballers
Waterdog Films, 1," $1,000,000"," $11,574", 16 to Life
Sony/BMG, 1, $0," $11,550", East of Havana
Cinema Epoch, 7, $0," $11,500", The Perfect Sleep
Mandt Brothers, 1, $0," $11,340", Last Stop for Paul
Cinema Four, 2, $0," $11,228", Cuba: Island of Music
Icon Film Distribution, 2, $0," $11,190", The Black Balloon
The Kids Are Alright Produc…, 1, $0," $11,183", Children of Invention
Psychic Girls, 1, $0," $11,089", Winning Girls Through Psychic Mind Co…
"Shoot First, Inc.", 1, $0," $11,021", Pay 2 Play: Democracy’s High Stakes
Newport Films, 1, $0," $11,001", The Conrad Boys
All Rise Films, 1, $0," $10,942", The Two Escobars
Silver Plane Films, 1, $0," $10,629", One More Round
Kino Classics, 1, $0," $10,600", Matrimonio all'italiana
Mochary Films, 1, $0," $10,565", Favela Rising
Autlook Films, 1, $0," $10,422", The Forecaster
Amor Media, 1, $0," $10,298", Painted Woman
Mirror Images Ltd, 2, $0," $10,104", Beta Test
City Drive Films, 1, $0," $10,021", The Life and Mind of Mark DeFriest
Red Flag Releasing, 5, $0," $10,000", The Do-Deca-Pentathlon
Kicking and Screening Media, 1, $0," $9,966", Foosballers
Arthur Davis Associates, 1, $0," $9,934", Olivia
Sumbadhat Productions, 2, $0," $9,914", The Bride & The Grooms
Bonfire Films of America, 1, $0," $9,796", Caucus
Mind the Gap, 1, $0," $9,496", Mind the Gap
Random Media, 6, $0," $9,386", Let's Get Frank
Diversa Films, 1, $0," $9,344", Skid Marks
Vanguardia Films, 1, $0," $9,338", 200 Cartas
Gemelli Productions, 1, $0," $9,244", What Happened Last Night
Atlas Media Group, 1, $0," $9,166", Robert Blecker Wants Me Dead
FilmMates Partners, 2, $0," $9,064", Living Life
Red Dirt Pictures, 1, $0," $8,752", Reparation
Lafayette Films, 1, $0," $8,443", Battle for Haditha
Laufer Films, 1, $0," $8,370", Christmas at Maxwell's
D Street Releasing, 2, $0," $8,340", Summer in Berlin
Sony/Triumph, 1, $0," $8,259", Zombie Strippers
Fox Meadow, 1," $989,000"," $8,158", And Then Came Love
The Talking Pictures Company, 1, $0," $8,030", Reunion
Iron Man Distr, 1, $0," $8,025", The Iron Man
Ford Films, 1, $0," $8,000", The Piccadilly Cowboy
Kanad?Films, 1, $0," $7,790", Crd
Microangelo Entertainment, 1, $0," $7,763", Zerophilia
Breakthrough Entertainment, 1, $0," $7,692", I’ll Take Your Dead
26 Aries, 1, $0," $7,500", The Lost Arcade
The Disinformation Co., 1, $0," $7,451", The Cult of the Suicide Bomber
Real Bean Entertainment, 1, $0," $7,137", Logan
Andes Film Company, 1, $0," $7,123", Mendy - A Question of Faith
JSenko Productions, 1, $0," $7,028", The Brainwashing of My Dad
The Documentary Group, 1, $0," $6,795", Operation Homecoming
Kanbar Entertainment, 1, $0," $6,793", Lifelines
Carpe Stella, 1, $0," $6,756", Calling All Earthlings
Liberation Entertainment, 1, $0," $6,627", Take
Brink Film, 1, $0," $6,607", The Last New Yorker
Afterlight Pictures, 3, $0," $6,523", Blood Ties
Bomnae Films, 1, $0," $6,522"," Autumn, Autumn"
Radio London Films, 1, $0," $6,404", Ten 'Til Noon
Atlantik Films, 1, $0," $6,176", Bes Vakit
Linn Productions, 1, $0," $6,109", Imprint
Summit Pictures, 2, $0," $6,007", Best F(r)iends: Volume One
World Wide Motion Pictures, 3, $0," $6,000", Red Roses and Petrol
Winter Star Entertainment, 1, $0," $5,673", Midnight Reckoning
Candy Factory Films, 3, $0," $5,654", This Isn't Funny
Putnam Square Films, 1, $0," $5,633", S?rie noire
Goodface Films, 1, $0," $5,588", The Quitter
Romantic Troubadour Enterta…, 1, $0," $5,508", Insidious
HB Filmworks, 2, $0," $5,442", George Bush Goes to Heaven
Baxter Brothers, 1, $0," $5,418", Flex is Kings
Hanover Multimedia, 1, $0," $4,950", SBK The-Movie
CameraPlanet/Discovery, 1, $0," $4,920", With All Deliberate Speed
Reel One Entertainment / Su…, 2, $0," $4,810", Blackhats
Frontier, 1, $0," $4,779", Street Fight
Big Fat Movies, 1," $3,000,000"," $4,655", My Big Fat Independent Movie
"Eliot Lives Productions, LLC", 1, $0," $4,345", Twisted: A Balloonamentary
Milestone, 2, $0," $4,294", My Brother's Wedding
Humble Pie Films, 1, $0," $4,227", Fancypants
Hybrid Pictures, 1, $0," $4,080", Silver Circle
The Nobility Project, 1, $0," $4,000", Building Hope
Ohio Street Pictures, 1, $0," $4,000", Things Never Said
Lonely Seal Releasing, 1, $0," $3,934"," The Cop, the Criminal and the Clown"
A-Mark Entertainment, 1, $0," $3,849", Camille
Dark Frames, 1, $0," $3,778", Unfreedom
Comedy Dynamics, 3, $0," $3,727", Charlotte a du fun: Charlotte has fun
Minority Films, 1, $0," $3,724", This Divided State
Scarlet Sky Productions, 1," $200,000"," $3,648", The Word
Plastic Age Productions, 1," $40,000"," $3,632", Raymond Did It
Hibernation Films, 1," $27,000"," $3,547", Emily
Brothers' Ink Productions, 1," $300,000"," $3,496", Locker 13
Industrial House Films, 1," $2,100,000"," $3,330", Mi America
Cinevista, 2, $0," $3,151", Caravaggio
Midwest Movies, 3, $0," $3,140", Balls to the Wall
Facets, 1, $0," $3,027", Los Muertos
Velvet Film, 1, $0," $3,000", Assistance mortelle
Rogue Arts, 1, $0," $2,841", Three Days of Rain
RMH Media/Dominion Entertai…, 1, $0," $2,509", Swing
Carnivalesque Films, 1, $0," $2,500", Mardi Gras: Made in China
Kaleidoscope Pictures, 3, $0," $2,500", Believe
Inyo Entertainment, 1, $0," $2,466", Neither Wolf Nor Dog
Amplify/Starz Digital Media, 1, $0," $2,455", Champs
Magic Lantern, 2, $0," $2,358", Porfirio
Bullz Eye, 2, $0," $2,268", Divine Intervention
Artsploitation, 1, $0," $2,250", Red Christmas
Plexifilm, 1, $0," $2,227", Moog
Reacter 88 Studios, 1, $0," $2,207", InSpectres
Anchor Bay/WWE Studios, 1, $0," $2,191", Road to Paloma
Movin' Picture Studios, 1, $0," $1,990", The Surfer King
Cinema Con Sabor, 1," $10,000"," $1,987", On the Downlow
Garvity Arch, 1, $0," $1,872", Bad Blood
JeTi Films, 2," $11,000"," $1,863", Grip: A Criminal's Story
Lumiere Productions, 1, $0," $1,806", With God on Our Side
Zell-Koj Studio, 1, $0," $1,739", Dark Forest
Left of Center Entertainmen…, 1, $0," $1,626", Truth
Cineville, 1, $0," $1,600", Steal Me
Wild Eye Releasing, 2, $0," $1,498", A Floresta das Almas Perdidas
Maverick Entertainment, 1, $0," $1,292", Once Upon a Time in the Hood
End of All Cinema, 1, $0," $1,262", Frog-g-g!
Capitol Films, 1, $0," $1,260", Incendiary
Level 33, 12, $0," $1,118", Urban Hymn
M Star International, 1, $0," $1,107", Hai Tang Hong
Kathi Arts, 1, $0," $1,042", Shwaas
Gunnison Galaxy, 1, $0, $903, Misfortune
Cinevolve Studios, 2, $0, $894, 12 in a Box
Oilrag Productions, 1, $0, $831, Doing Time for Patsy Cline
E1 Films, 1, $0, $500, Daydream Nation
Screenvision Media, 2, $0, $408, Hello Again
Lavender House Films, 1," $10,000", $401, The Rise and Fall of Miss Thang
Cinelicious Pics, 3, $0, $362, Dark Night
Grindstone Entertainment, 12," $500,000", $111, Vault
The American Film Company, 3, $0, $54, Against the Sun
Flying Zebra Films, 1, $0, $0,
Swipe Films, 1," $1,200,000", $0,
Bangor Films, 1, $0, $0,
TLC Films, 1, $0, $0,
Matter Productions, 1, $0, $0,
Profile Entertainment, 1, $0, $0,
Old Post Films, 1, $0, $0,
Miracle Mile Films, 1, $0, $0,
CTE, 1, $0, $0,
Imperia Entertainment, 1, $0, $0,
Garlin Pictures, 1, $0, $0,
Karma Films, 1, $0, $0,
Epoch/Pathfinder, 1, $0, $0,
Kidtoon Films, 2, $0, $0,
New Visions Fellowship, 1, $0, $0,
Whitewater Films, 1, $0, $0,
"Fat Films, LLC", 1, $0, $0,
Just Vision, 1, $0, $0,
Hannari Geisha Modern, 1, $0, $0,
Seneca International, 1, $0, $0,
At Risk Films, 1, $0, $0,
Iranian Film Society, 1, $0, $0,
Right Brained Releasing, 1, $0, $0,
Kosmic Films, 2, $0, $0,
Moderncine, 1, $0, $0,
AV Productions, 1, $0, $0,
Jung'n'Restless Films, 1, $0, $0,
Red Envelope, 1, $0, $0,
Amadeus Pictures, 1, $0, $0,
Mello Releasing, 1, $0, $0,
National Lampoon Distr., 2, $0, $0,
Media Education Foundation, 1, $0, $0,
Lifeline Entertainment, 1, $0, $0,
Resonance Pictures, 1, $0, $0,
Terra Entertainment, 1, $0, $0,
Creative Differences, 1, $0, $0,
Dokument Films, 1, $0, $0,
Sven Kahn Films, 1, $0, $0,
Pureland Pictures, 1, $0, $0,
Lightning Media, 1, $0, $0,
Bharat, 1, $0, $0,
Axis Company, 1, $0, $0,
Jonathan Blitstein Enterprises, 1, $0, $0,
Bleiberg Entertainment, 1, $0, $0,
Paul Devlin Productions, 1, $0, $0,
LG Entertainment Group, 1, $0, $0,
Here Films, 1, $0, $0,
RP Entertainment, 1, $0, $0,
Next Page Productions, 1, $0, $0,
Mainline Releasing, 1, $0, $0,
Concentrated Distribution, 1, $0, $0,
Wintersea Films, 1, $0, $0,
Original 4 Releasing, 1, $0, $0,
Iaba Films, 1, $0, $0,
Team Effort, 1, $0, $0,
"Last Night, LLC", 1, $0, $0,
San Simion Films, 1, $0, $0,
The Desert of Forbidden Art…, 1, $0, $0,
Reboot Media, 1," $2,600,000", $0,
Codex Pictures, 1," $8,900,000", $0,
RealD, 1, $0, $0,
Oakhurst Pictures, 1, $0, $0,
Bigfoot Ascendant, 2, $0, $0,
Paralux Productions, 1, $0, $0,
Crowd Starter, 1, $0, $0,
Satori, 2, $0, $0,
Clear Compass Media, 1, $0, $0,
Process Sudio Theatre, 1, $0, $0,
Exhibit A Pictures, 1, $0, $0,
Jeff Lipsky, 1, $0, $0,
LLeju Productions, 1, $0, $0,
Cross Cultural Entertainment, 1, $0, $0,
Paradigm, 1, $0, $0,
The Collective, 3, $0, $0,
Microcinema International, 1, $0, $0,
IndiePix, 1, $0, $0,
Nancy Fishman Releasing, 1, $0, $0,
Golf in the Kingdom, 1, $0, $0,
Films Transit, 1, $0, $0,
Green Planet Productions, 2, $0, $0,
Centro de Capacitaci?n Cin…, 1, $0, $0,
Initiate Productions, 1, $0, $0,
WWE Studios, 3, $0, $0,
W2 Media, 1, $0, $0,
Verdi Productions, 1, $0, $0,
D & E Entertainment, 3, $0, $0,
Lightning Entertainnment, 2, $0, $0,
Vanguard Cinema, 1, $0, $0,
Roam Films, 1, $0, $0,
Giant Flick Films LLC, 1, $0, $0,
Ask Around Entertainment, 1, $0, $0,
Eagle One Media/iFN, 1, $0, $0,
Artland, 1, $0, $0,
Angry Monkey Entertainment, 1, $0, $0,
African-American Film Festi…, 1, $0, $0,
PhD, 1, $0, $0,
Film Fatale, 1, $0, $0,
MVP Films, 1, $0, $0,
A & E Indie Films, 1, $0, $0,
BlinkWorks Media, 1," $100,000", $0,
Kushi Films, 1, $0, $0,
All Cash Productions/Archst…, 1, $0, $0,
First Pond Entertainment, 2, $0, $0,
Fever Productions, 1, $0, $0,
WG Films, 1, $0, $0,
Village Arts Pictures, 1, $0, $0,
Winning Edge Pictures, 1, $0, $0,
CLJ Films, 1, $0, $0,
Digital Magic Entertainment, 1, $0, $0,
TODpix, 1, $0, $0,
Gut Productions, 1, $0, $0,
Inception Media Group, 2, $0, $0,
Four Reel Films, 1, $0, $0,
Appleseed Entertainment, 1, $0, $0,
SModcast, 1, $0, $0,
Barnholtz Entertainment, 1, $0, $0,
Bad Kids Productions, 2, $0, $0,
Outcast Films, 1, $0, $0,
Blenheim Films, 1, $0, $0,
Independent Pictures/Entert…, 1, $0, $0,
Lipstick Pictures, 1, $0, $0,
VICE Films Snoopadelic Films, 1, $0, $0,
Ruth Diskin Films, 1, $0, $0,
Mactavish Pictures, 1, $0, $0,
Hole in the Wall Productions, 1, $0, $0,
Cinemark, 1, $0, $0,
Epix, 1, $0, $0,
Regal Entertainment, 1, $0, $0,
R-Squared Films, 1, $0, $0,
Horse Pictures, 1, $0, $0,
Alma Films, 1, $0, $0,
Drag City Film Distribution, 1, $0, $0,
Follow Your Nose, 1, $0, $0,
Leeden Media, 1, $0, $0,
Modern Distributors, 1, $0, $0,
Kreate Films, 1, $0, $0,
Active Fox Productions, 2, $0, $0,
Fingerprint Films, 1, $0, $0,
"GoDigital, Inc.", 2, $0, $0,
New Chapter Productions, 1, $0, $0,
Gaiam Vivendi Entertainment, 1, $0, $0,
Deep Studios, 1, $0, $0,
Wunderkind Pictures, 1, $0, $0,
Diggit Pictures, 1, $0, $0,
Shapkorn Birgade, 1, $0, $0,
Fern Films, 1, $0, $0,
Candor Entertainment, 1, $0, $0,
One Village Entertainment/R…, 1, $0, $0,
Devolver Digital Films, 1, $0, $0,
Artis Entertainment, 1," $50,000", $0,
Cinereach, 1, $0, $0,
Sideshow Releasing, 1, $0, $0,
Liberty Studios, 1, $0, $0,
Act Zero Films, 1, $0, $0,
American Experience Films, 1, $0, $0,
Quadratic, 1, $0, $0,
Green Step Productions/Grav…, 1, $0, $0,
Radar Studios, 1, $0, $0,
Insomniac/Focus Features, 1, $0, $0,
Videocine, 1, $0, $0,
Cornith Films, 1, $0, $0,
FilmBuff / Dada Films, 1, $0, $0,
A71 Entertainment, 6, $0, $0,
"Purdie Distribution, Excel …", 1, $0, $0,
Medient, 1, $0, $0,
Cedar Fort Entertainment, 1, $0, $0,
DigiNext, 3, $0, $0,
Tribeca Film / Well Go USA, 1," $5,000,000", $0,
Fluency Studios, 1, $0, $0,
Sovereignty Productions, 1," $800,000", $0,
Parkside Releasing, 2, $0, $0,
Morocco Junction Pictures, 1," $2,000,000", $0,
Abromarama/Vimeo, 1, $0, $0,
108 Media, 5, $0, $0,
Soda Pictures, 1," $26,000,000", $0,
Strasson Group, 2, $0, $0,
Plainview Pictures, 1, $0, $0,
Stage 6 Films/Vertical Ente…, 1, $0, $0,
Young Medium, 1, $0, $0,
Alaska Film LLC, 1, $0, $0,
Vice Media, 1, $0, $0,
Midnight Releasing, 1, $0, $0,
Blue Trail Entertianment, 1," $175,000", $0,
Holt Hamilton, 1, $0, $0,
Awesomeness Films, 1, $0, $0,
Array Releasing, 6, $0, $0,
Syndicado, 1, $0, $0,
Sweet Unknown Studios, 1, $0, $0,
Green Apple Entertainment, 1, $0, $0,
Passion River, 9, $0, $0,
Serafini Pictures, 1, $0, $0,
ZCDC, 1, $0, $0,
Marvista Entertainment, 3," $500,000", $0,
TriCoast Worldwide, 7, $0, $0,
Indelible Films, 1, $0, $0,
MVD Entertainment, 2, $0, $0,
Guerilla Films, 1, $0, $0,
Forager Films, 1, $0, $0,
4 Features Film Company, 1, $0, $0,
Dalton Pictures, 1, $0, $0,
Violet Crown Films, 1, $0, $0,
Swing State Film Productions, 1, $0, $0,
Vetter Brothers Filmworks, 1, $0, $0,
Cinemaflix, 3, $0, $0,
Cinema Paradiso, 1, $0, $0,
TomCat Films, 1, $0, $0,
Ubiquimedia, 1, $0, $0,
Bow and Arrow Entertainment, 1, $0, $0,
White Pine Pictures, 1, $0, $0,
Pacific Northwest Pictures, 1, $0, $0,
Anthology Film Archives, 3, $0, $0,
Provocator, 1, $0, $0,
Redwood Creek Entertainment, 1, $0, $0,
Real Women Make Waves, 1, $0, $0,
Skinfly Entertainment, 1, $0, $0,
50 Eggs Inc, 1, $0, $0,
Votiv Films, 1, $0, $0,
Go2Films, 1, $0, $0,
Maven Entertainment, 1, $0, $0,
Grey Lady, 1, $0, $0,
Sarkasmos Productions, 1, $0, $0,
Arcadia Releasing Group, 1, $0, $0,
Adler & Associates, 3, $0, $0,
Virgil Films, 2, $0, $0,
Ryan Bruce Levey Film Distr…, 1, $0, $0,
Thier Productions, 1, $0, $0,
Instrum International, 2, $0, $0,
Imagination Worldwide, 2, $0, $0,
Hybrid Entertainment, 1, $0, $0,
Indieflix, 1, $0, $0,
Shoe Box Money LLC, 1, $0, $0,
East Village Entertainment, 1, $0, $0,
Global Digital Releasing, 2, $0, $0,
HT Pictures, 1, $0, $0,
Carl Jackson Entertainment, 9," $40,000,000", $0,
Tandem Pictures, 1, $0, $0,
Indie Rights, 72, $0, $0,
First National Pictures, 3, $0, $0,
Millennium Films, 3, $0, $0,
Newcity, 1, $0, $0,
Obscured Pictures, 1, $0, $0,
Republic Pictures, 7, $0, $0,
Future Film Corporation of …, 1, $0, $0,
Faith Media Distribution, 1, $0, $0,
Well.Org, 1, $0, $0,
Cargo Film & Releasing, 1, $0, $0,
Cinerama, 16, $0, $0,
King Flex Entertainment, 5, $0, $0,
Fries Distribution Company, 1, $0, $0,
V-L-S-E, 1, $0, $0,
Blackbox Film & Media, 1, $0, $0,
Hydro Studios, 1, $0, $0,
Hollywood Independents, 1, $0, $0,
Zorya Films, 1, $0, $0,
Journeyman Pictures, 1, $0, $0,
Entertainment International…, 1, $0, $0,
Bandai Entertainment, 1, $0, $0,
Filmchella, 1, $0, $0,
Minds Eye International, 3, $0, $0,
NAI Entertainment, 1, $0, $0,
2B Films, 2, $0, $0,
Arena Cinelounge, 1, $0, $0,
U.S. Films, 1, $0, $0,
World Northal, 2, $0, $0,
United International Pictures, 1, $0, $0,
Europix International, 1, $0, $0,
Unmanned Media, 1, $0, $0,
Endeavor Content, 1, $0, $0,
House of Film, 1, $0, $0,
Cinema Village, 1, $0, $0,
Cambist Films, 3, $0, $0,
Black Sheep Stew, 1, $0, $0,
Film Chest Media Group, 1, $0, $0,
Dread Central, 1, $0, $0,
Two Roads, 1, $0, $0,
Different Drummer, 1, $0, $0,
SunWorld Pictures, 1, $0, $0,
Patriot Releasing, 1, $0, $0,
Monogram Pictures, 1, $0, $0,
Cinema National, 1, $0, $0,
N.M.D. Film Distribution Co…, 1, $0, $0,
New American Films, 1, $0, $0,
Skyline Entertainment, 1, $0, $0,
Scotia American, 4, $0, $0,
Conglomerate Media, 1, $0, $0,
Darkcoast, 1, $0, $0,
R3M USA, 1, $0, $0,
Kandoo Releasing, 2, $0, $0,
The Filmgroup, 1, $0, $0,
Glass House Distribution, 1, $0, $0,
North of Two, 1, $0, $0,
SP Releasing, 3, $0, $0,
Forrest Films, 2, $0, $0,
Hulu, 1, $0, $0,
Glass Half Full Media, 1, $0, $0,
Kew Media Group, 1, $0, $0,
XLI41, 2, $0, $0,
21st Century Distribution, 1, $0, $0,
Arbelos Films, 1, $0, $0,
Atonement Pictures, 1, $0, $0,
Malibu Bay Films, 4, $0, $0,
Independent-International P…, 1, $0, $0,
Solstice Studios, 1," $29,000,000", $0,
RYOT, 1, $0, $0,
Eagle Films, 1, $0, $0,
The American Film Theater, 1, $0, $0,
Brazos Films, 1, $0, $0,
Brat, 1, $0, $0,
U-M Film Distributors Inc., 1, $0, $0,
Sector 5 Films, 1, $0, $0,
"American Continental Films,…", 3, $0, $0,
ABC Pictures International, 2, $0, $0,
Mailer Tuchman Media, 1, $0, $0,
British International Pictures, 2, $0, $0,
CineLife Entertainment, 1, $0, $0,
Shochiku Films of America, 1, $0, $0,
Associated Artists Productions, 1, $0, $0,
Distributors Corporation of…, 1, $0, $0,
The Wynn Network, 1, $0, $0,
Apple TV+, 1, $0, $0,
High Octane Pictures, 2, $0, $0,
Artists Rights Distribution, 2, $0, $0,
Rock Studios, 1," $1,200,000", $0,
Fairway International Pictures, 1, $0, $0,
Cine Artists Pictures, 1, $0, $0,
Adventure Entertainment, 3, $0, $0,
Chevron Pictures, 1, $0, $0,
The End Productions, 1, $0, $0,
Maysles Film, 1, $0, $0,
Cloudburst Entertainment, 1, $0, $0,
New City Releasing, 1, $0, $0,
FanForce, 1, $0, $0,
Carolco, 1, $0, $0,
